id;title;message;created_at;sent_to;sent_by
1;Rustic Saint-Séverin;1080p;2023-01-16T07:00:11;USB;purple program next-generation
2;Wooden reboot;invoice payment;2023-01-16T02:40:32;Sports invoice;Delesseux
3;Stagiaire;stable Intelligent;2023-01-16T14:03:11;withdrawal generation Fresh;Investment Saint-Séverin
4;reintermediate Borders metrics;users;2023-01-16T01:32:48;generation generate auxiliary;parsing
5;Gloves;non-volatile;2023-01-16T05:37:39;mobile Loan;Table Namibie relationships
6;Licensed infrastructures Litas;Account Borders Barbade;2023-01-16T07:20:34;cross-platform SMTP bandwidth-monitored;HDD Aquitaine Car
7;utilize ivory GB;Outdoors payment;2023-01-16T11:27:47;compressing Lorraine;Incredible Ball
8;Tasty panel Handcrafted;ivory Unbranded;2023-01-16T08:28:20;navigating Salad;violet Industrial Buckinghamshire
9;e-markets b;white Pompe Ergonomic;2023-01-16T14:34:53;Dollar multimedia;Music Bulgarie Account
10;Cambridgeshire;Agent c;2023-01-16T14:44:05;invoice;Lira Peso
